{
  "project_info": {
    "project_number": "752931934291",
    "firebase_url": "https://online-bus-pass-6cfff.firebaseio.com",
    "project_id": "online-bus-pass-6cfff",
    "storage_bucket": "online-bus-pass-6cfff.appspot.com"
  },
  "client": [
    {
      "client_info": {
        "mobilesdk_app_id": "1:752931934291:android:ceafb1dd23e04a3e1bb6a6",
        "android_client_info": {
          "package_name": "com.example.onlinebuspass"
        }
      },
      "oauth_client": [
        {
          "client_id": "752931934291-vj33s8fpurrnpt10jsa19sepm7f34ffg.apps.googleusercontent.com",
          "client_type": 1,
          "android_info": {
            "package_name": "com.example.onlinebuspass",
            "certificate_hash": "4b3b0a94ffa44352bddf2add43a60532e4bb8fcc"
          }
        },
        {
          "client_id": "752931934291-bgjt1qfatqcqmt924vebvvd12t1emphg.apps.googleusercontent.com",
          "client_type": 3
        }
      ],
      "api_key": [
        {
          "current_key": "AIzaSyDNjP2KfRRQDgpPUYGZvToSlU_9cLb68v0"
        }
      ],
      "services": {
        "appinvite_service": {
          "other_platform_oauth_client": [
            {
              "client_id": "752931934291-bgjt1qfatqcqmt924vebvvd12t1emphg.apps.googleusercontent.com",
              "client_type": 3
            }
          ]
        }
      }
    }
  ],
  "configuration_version": "1"
}